Item #,Ref Des,Qty,Manufacturer,Mfg Part #,Description / Value,Package,Type,Your Instructions / Notes
"1","BT1","1","Renata","SMTU2032-LF","Connector","","",""
"2","C1,C2","2","","","Non-Polarized Capacitor, 100uF, SMD_0603_1608Metric","","",""
"3","C1,C2,C3","3","","","Non-Polarized Capacitor","","",""
"4","C10,C11,C12,C13,C14,C15,C17,C18,C30,C31,C35,C37,C38,C41,C43,C9","16","","","Non-Polarized Capacitor, 100nF, SMD_0603_1608Metric","","",""
"5","C16","1","","","Non-Polarized Capacitor, 4.7uF, SMD_0603_1608Metric","","",""
"6","C19,C21,C22,C4","4","","","Non-Polarized Capacitor, 22uF, SMD_0603_1608Metric","","",""
"7","C20,C32,C39,C40,C7","5","","","Non-Polarized Capacitor, 1uF, SMD_0603_1608Metric","","",""
"8","C23,C24,C36,C42,C5,C6,C8","7","","","Non-Polarized Capacitor, 10uF, SMD_0603_1608Metric","","",""
"9","C25,C26,C3","3","","","Non-Polarized Capacitor, 47uF, SMD_0603_1608Metric","","",""
"10","C27","1","","","Non-Polarized Capacitor, 10nF, SMD_0603_1608Metric","","",""
"11","C28","1","","","Non-Polarized Capacitor, 1nF, SMD_0603_1608Metric","","",""
"12","C29","1","","","Non-Polarized Capacitor, 47pF, SMD_0603_1608Metric","","",""
"13","C44,C45","2","","","Non-Polarized Capacitor, 0pF, SMD_0603_1608Metric","","",""
"14","D1","1","SHIKUES(时科)","SMBJ33A","TVS, SMB_L4.6-W3.6-LS5.3-RD","SMB_L4.6-W3.6-LS5.3-RD","",""
"15","D2,D3,D4,D5,D6,D7,D8","7","STMicroelectronics","USBLC6-2SC6","Protection","","",""
"16","D9","1","MDD","SM712","TVS, SOT-23-3_L2.9-W1.6-P1.90-LS2.8-BR","SOT-23-3_L2.9-W1.6-P1.90-LS2.8-BR","",""
"17","D10,D16","2","DIODES(美台)","1N4148WS-13-F","Switching Diode, SOD-323_L1.8-W1.3-LS2.5-RD","SOD-323_L1.8-W1.3-LS2.5-RD","",""
"18","D11","1","MDD","SS54B","Diode","","",""
"19","D12,D13","2","Kingbright","APT2012SURCK","LED","","",""
"20","D14","1","STMicroelectronics","ESDA6V1BC6","Protection","","",""
"21","D15","1","MDD(Microdiode Semiconductor)","SS54","Schottky Barrier Diodes (SBD), SMC_L6.9-W5.9-LS7.9-RD","SMC_L6.9-W5.9-LS7.9-RD","",""
"22","F1","1","Littelfuse Inc.","SMDC300F/24-2","Fuse","","",""
"23","IC1","1","TDK InvenSense","MPU-6500","IMU","","",""
"24","J1,J10,J16,J8,J9","5","JST","B2B-XH-A(LF)(SN)","Wire To Board / Wire To Wire Connector, CONN-TH_B2B-XH-A-LF-SN","CONN-TH_B2B-XH-A-LF-SN","",""
"25","J2,J3,J4","3","JST","BM04B-GHS-TBT(LF)(SN)","Wire To Board / Wire To Wire Connector, CONN-SMD_4P-P1.25_BM04B-GHS-TBT-LF-SN","CONN-SMD_4P-P1.25_BM04B-GHS-TBT-LF-SN","",""
"26","J5,J6,J7","3","JST","BM05B-GHS-TBT(LF)(SN)(N)","Wire To Board / Wire To Wire Connector, CONN-SMD_BM05B-GHS-TBT","CONN-SMD_BM05B-GHS-TBT","",""
"27","J11,J12","2","Hirose Electric Co Ltd","U.FL-R-SMT-1","Connector","","",""
"28","J13","1","GCT","USB4215-03-A","USB C, GCT_USB4215-03-A_REVA","GCT_USB4215-03-A_REVA","",""
"29","J14","1","Amphenol ICC
","7111S2015X02LF","Connector","","",""
"30","J15","1","Hirose Electric Co Ltd","DM3AT-SF-PEJM5","Connector","","",""
"31","L1","1","","","Inductor, 1nH, SMD_0603_1608Metric","","",""
"32","L2,L3","2","","","Inductor, 4.7uH, SMD_0603_1608Metric","","",""
"33","Q1,Q2,Q3","3","Alpha & Omega Semiconductor Inc.","AO3400A","Transistor","","",""
"34","Q4,Q6,Q7","3","onsemi(安森美)","MMBT3904LT3G","Bipolar Transistors - BJT, SOT-23-3_L2.9-W1.3-P1.90-LS2.4-BR","SOT-23-3_L2.9-W1.3-P1.90-LS2.4-BR","",""
"35","Q5","1","UMW(友台半导体)","AO3401A","MOSFETs, SOT-23_L2.9-W1.3-P1.90-LS2.4-BR","SOT-23_L2.9-W1.3-P1.90-LS2.4-BR","",""
"36","R1,R2,R3","3","","","Resistor, 220Ω, SMD_0603_1608Metric","","",""
"37","R1,R2,R3,R4,R5","5","","","Resistor, 10KΩ","","",""
"38","R10,R9","2","","","Resistor, 2.2kΩ, SMD_0603_1608Metric","","",""
"39","R11,R12,R7,R8","4","","","Resistor, 4.7kΩ, SMD_0603_1608Metric","","",""
"40","R13,R14,R15,R17,R22,R23,R36,R37,R4,R42,R47,R49,R5,R6","14","","","Resistor, 10kΩ, SMD_0603_1608Metric","","",""
"41","R16,R29,R30,R40,R41","5","","","Resistor, 1kΩ, SMD_0603_1608Metric","","",""
"42","R18,R19,R20,R21","4","","","Resistor, 22Ω, SMD_0603_1608Metric","","",""
"43","R24","1","","","Resistor, 120Ω, SMD_0603_1608Metric","","",""
"44","R25,R26","2","","","Resistor, 10Ω, SMD_0603_1608Metric","","",""
"45","R27,R28","2","","","Resistor, 5.1kΩ, SMD_0603_1608Metric","","",""
"46","R31,R32,R33,R34,R35,R50","6","","","Resistor, 0Ω, SMD_0603_1608Metric","","",""
"47","R38,R39","2","","","Resistor, 100kΩ, SMD_0603_1608Metric","","",""
"48","R43","1","","","Resistor, 40.2kΩ, SMD_0603_1608Metric","","",""
"49","R44","1","","","Resistor, 12.7kΩ, SMD_0603_1608Metric","","",""
"50","R45","1","","","Resistor, 33kΩ, SMD_0603_1608Metric","","",""
"51","R46","1","","","Resistor, 37.4kΩ, SMD_0603_1608Metric","","",""
"52","R48","1","","","Resistor, 29.4kΩ, SMD_0603_1608Metric","","",""
"53","SW1,SW2","2","TE Connectivity ALCOSWITCH Switches","1571563-8","Switch","","",""
"54","U1","1","Espressif Systems","ESP32-S3-WROOM-1-N16R8","Module","","",""
"55","U2","1","EBYTE(亿佰特)","E22-900M22S","LoRa Modules, WIRELM-SMD_E22-900M22S","WIRELM-SMD_E22-900M22S","",""
"56","U3","1","SIMCOM","SIM7600G-H R2","Integrated Circuit, SIM7600GHR2","SIM7600GHR2","",""
"57","U4","1","TI(德州仪器)","FDC1004DSCJ","Touch Sensors, WSON-10_L3.0-W3.0-P0.50-LS3.0-BL-EP","WSON-10_L3.0-W3.0-P0.50-LS3.0-BL-EP","",""
"58","U6","1","ADI(亚德诺)/MAXIM(美信)","DS3231S#T&R","Real-time Clocks (RTC), SOIC-16_L10.3-W7.5-P1.27-LS10.3-BL","SOIC-16_L10.3-W7.5-P1.27-LS10.3-BL","",""
"59","U7","1","MAXIM(美信)","MAX3485ESA+","Integrated Circuit, SO-8_L4.9-W3.9-P1.27-LS6.0-BL","SO-8_L4.9-W3.9-P1.27-LS6.0-BL","",""
"60","U8","1","SILICON LABS","CP2102N-A02-GQFN24","Interface - Controllers, QFN-24_L4.0-W4.0-P0.50-TL-EP2.5","QFN-24_L4.0-W4.0-P0.50-TL-EP2.5","",""
"61","U9","1","Texas Instruments","TXU0202DTTR","Integrated Circuit","","",""
"62","U10","1","Monolithic Power Systems Inc.","MP2315SGJ-P","Integrated Circuit","","",""
"63","U11","1","TI(德州仪器)","TPS54331D","DC-DC Converters, SOIC-8_L4.9-W3.9-P1.27-LS6.0-BL","SOIC-8_L4.9-W3.9-P1.27-LS6.0-BL","",""
"64","U12","1","DFRobot","","Buck Converter","","",""
"65","U13","1","DIODES(美台)","AP2127K-1.8TRG1","Linear Voltage Regulators (LDO), SOT-23-5_L3.0-W1.7-P0.95-LS2.8-BR","SOT-23-5_L3.0-W1.7-P0.95-LS2.8-BR","",""
"66","U14","1","DIODES(美台)","AP2152SG-13","Power Distribution Switches, SOIC-8_L4.9-W3.9-P1.27-LS6.0-BL","SOIC-8_L4.9-W3.9-P1.27-LS6.0-BL","",""
