Component Description,QTY,Ref Des,Mfg P/N #,Manufacturer,Distributor P/N #
"Connector","1","BT1","SMTU2032-LF","Renata",""
"Non-Polarized Capacitor, 100uF, SMD_0603_1608Metric","2","C1,C2","","",""
"Non-Polarized Capacitor","3","C1,C2,C3","","",""
"Non-Polarized Capacitor, 100nF, SMD_0603_1608Metric","16","C10,C11,C12,C13,C14,C15,C17,C18,C30,C31,C35,C37,C38,C41,C43,C9","","",""
"Non-Polarized Capacitor, 4.7uF, SMD_0603_1608Metric","1","C16","","",""
"Non-Polarized Capacitor, 22uF, SMD_0603_1608Metric","4","C19,C21,C22,C4","","",""
"Non-Polarized Capacitor, 1uF, SMD_0603_1608Metric","5","C20,C32,C39,C40,C7","","",""
"Non-Polarized Capacitor, 10uF, SMD_0603_1608Metric","7","C23,C24,C36,C42,C5,C6,C8","","",""
"Non-Polarized Capacitor, 47uF, SMD_0603_1608Metric","3","C25,C26,C3","","",""
"Non-Polarized Capacitor, 10nF, SMD_0603_1608Metric","1","C27","","",""
"Non-Polarized Capacitor, 1nF, SMD_0603_1608Metric","1","C28","","",""
"Non-Polarized Capacitor, 47pF, SMD_0603_1608Metric","1","C29","","",""
"Non-Polarized Capacitor, 0pF, SMD_0603_1608Metric","2","C44,C45","","",""
"TVS, SMB_L4.6-W3.6-LS5.3-RD","1","D1","SMBJ33A","SHIKUES(时科)",""
"Protection","7","D2,D3,D4,D5,D6,D7,D8","USBLC6-2SC6","STMicroelectronics",""
"TVS, SOT-23-3_L2.9-W1.6-P1.90-LS2.8-BR","1","D9","SM712","MDD",""
"Switching Diode, SOD-323_L1.8-W1.3-LS2.5-RD","2","D10,D16","1N4148WS-13-F","DIODES(美台)",""
"Diode","1","D11","SS54B","MDD",""
"LED","2","D12,D13","APT2012SURCK","Kingbright",""
"Protection","1","D14","ESDA6V1BC6","STMicroelectronics",""
"Schottky Barrier Diodes (SBD), SMC_L6.9-W5.9-LS7.9-RD","1","D15","SS54","MDD(Microdiode Semiconductor)",""
"Fuse","1","F1","SMDC300F/24-2","Littelfuse Inc.",""
"IMU","1","IC1","MPU-6500","TDK InvenSense",""
"Wire To Board / Wire To Wire Connector, CONN-TH_B2B-XH-A-LF-SN","5","J1,J10,J16,J8,J9","B2B-XH-A(LF)(SN)","JST",""
"Wire To Board / Wire To Wire Connector, CONN-SMD_4P-P1.25_BM04B-GHS-TBT-LF-SN","3","J2,J3,J4","BM04B-GHS-TBT(LF)(SN)","JST",""
"Wire To Board / Wire To Wire Connector, CONN-SMD_BM05B-GHS-TBT","3","J5,J6,J7","BM05B-GHS-TBT(LF)(SN)(N)","JST",""
"Connector","2","J11,J12","U.FL-R-SMT-1","Hirose Electric Co Ltd",""
"USB C, GCT_USB4215-03-A_REVA","1","J13","USB4215-03-A","GCT",""
"Connector","1","J14","7111S2015X02LF","Amphenol ICC
",""
"Connector","1","J15","DM3AT-SF-PEJM5","Hirose Electric Co Ltd",""
"Inductor, 1nH, SMD_0603_1608Metric","1","L1","","",""
"Inductor, 4.7uH, SMD_0603_1608Metric","2","L2,L3","","",""
"Transistor","3","Q1,Q2,Q3","AO3400A","Alpha & Omega Semiconductor Inc.",""
"Bipolar Transistors - BJT, SOT-23-3_L2.9-W1.3-P1.90-LS2.4-BR","3","Q4,Q6,Q7","MMBT3904LT3G","onsemi(安森美)",""
"MOSFETs, SOT-23_L2.9-W1.3-P1.90-LS2.4-BR","1","Q5","AO3401A","UMW(友台半导体)",""
"Resistor, 220Ω, SMD_0603_1608Metric","3","R1,R2,R3","","",""
"Resistor, 10KΩ","5","R1,R2,R3,R4,R5","","",""
"Resistor, 2.2kΩ, SMD_0603_1608Metric","2","R10,R9","","",""
"Resistor, 4.7kΩ, SMD_0603_1608Metric","4","R11,R12,R7,R8","","",""
"Resistor, 10kΩ, SMD_0603_1608Metric","14","R13,R14,R15,R17,R22,R23,R36,R37,R4,R42,R47,R49,R5,R6","","",""
"Resistor, 1kΩ, SMD_0603_1608Metric","5","R16,R29,R30,R40,R41","","",""
"Resistor, 22Ω, SMD_0603_1608Metric","4","R18,R19,R20,R21","","",""
"Resistor, 120Ω, SMD_0603_1608Metric","1","R24","","",""
"Resistor, 10Ω, SMD_0603_1608Metric","2","R25,R26","","",""
"Resistor, 5.1kΩ, SMD_0603_1608Metric","2","R27,R28","","",""
"Resistor, 0Ω, SMD_0603_1608Metric","6","R31,R32,R33,R34,R35,R50","","",""
"Resistor, 100kΩ, SMD_0603_1608Metric","2","R38,R39","","",""
"Resistor, 40.2kΩ, SMD_0603_1608Metric","1","R43","","",""
"Resistor, 12.7kΩ, SMD_0603_1608Metric","1","R44","","",""
"Resistor, 33kΩ, SMD_0603_1608Metric","1","R45","","",""
"Resistor, 37.4kΩ, SMD_0603_1608Metric","1","R46","","",""
"Resistor, 29.4kΩ, SMD_0603_1608Metric","1","R48","","",""
"Switch","2","SW1,SW2","1571563-8","TE Connectivity ALCOSWITCH Switches",""
"Module","1","U1","ESP32-S3-WROOM-1-N16R8","Espressif Systems",""
"LoRa Modules, WIRELM-SMD_E22-900M22S","1","U2","E22-900M22S","EBYTE(亿佰特)",""
"Integrated Circuit, SIM7600GHR2","1","U3","SIM7600G-H R2","SIMCOM",""
"Touch Sensors, WSON-10_L3.0-W3.0-P0.50-LS3.0-BL-EP","1","U4","FDC1004DSCJ","TI(德州仪器)",""
"Real-time Clocks (RTC), SOIC-16_L10.3-W7.5-P1.27-LS10.3-BL","1","U6","DS3231S#T&R","ADI(亚德诺)/MAXIM(美信)",""
"Integrated Circuit, SO-8_L4.9-W3.9-P1.27-LS6.0-BL","1","U7","MAX3485ESA+","MAXIM(美信)",""
"Interface - Controllers, QFN-24_L4.0-W4.0-P0.50-TL-EP2.5","1","U8","CP2102N-A02-GQFN24","SILICON LABS",""
"Integrated Circuit","1","U9","TXU0202DTTR","Texas Instruments",""
"Integrated Circuit","1","U10","MP2315SGJ-P","Monolithic Power Systems Inc.",""
"DC-DC Converters, SOIC-8_L4.9-W3.9-P1.27-LS6.0-BL","1","U11","TPS54331D","TI(德州仪器)",""
"Buck Converter","1","U12","","DFRobot",""
"Linear Voltage Regulators (LDO), SOT-23-5_L3.0-W1.7-P0.95-LS2.8-BR","1","U13","AP2127K-1.8TRG1","DIODES(美台)",""
"Power Distribution Switches, SOIC-8_L4.9-W3.9-P1.27-LS6.0-BL","1","U14","AP2152SG-13","DIODES(美台)",""
